validation_code,curr_loss,best_loss,best_epoch
Validation - param - [0],11.530064456164837,8.453693661140278,3
Validation - param - [1],8.860764048993587,6.124002330005169,3
